model_name,num_reaction,num_species,trunceated_weak,truncated_strong,is_boundary_network,probability_of_occurrence_strong,probability_of_occurrence_weak
BIOMD0000000585,0,28,,,True,,
BIOMD0000000645,0,6,,,True,,
BIOMD0000000671,0,7,,,True,,
BIOMD0000000561,0,1,,,True,,
BIOMD0000000486,2,2,0.0,0.0,False,0.03833,0.03814
BIOMD0000000047,3,2,0.0,0.0,False,0.01332,0.01362
BIOMD0000000387,4,7,0.0,0.0,False,0.0,0.0
BIOMD0000000454,4,8,0.0,0.0,False,0.0,0.0
BIOMD0000000114,4,2,0.0,0.0,False,0.0014,0.00139
BIOMD0000000793,5,2,0.0,0.0,True,0.00011,0.00011
BIOMD0000000062,5,4,0.0,0.0,True,0.0,0.0
BIOMD0000000815,6,2,0.0,0.0,True,0.0,0.0
BIOMD0000000900,6,3,1e-05,4e-05,True,0.0,1e-05
BIOMD0000000158,6,3,0.0,0.0,False,1e-05,1e-05
BIOMD0000000845,7,3,0.0,0.0,False,0.0,0.0
BIOMD0000000968,7,10,0.0,0.0,False,0.0,0.0
BIOMD0000000938,8,5,0.0,0.0,True,0.0,0.0
BIOMD0000000112,8,10,0.0,0.0,False,0.0,0.0
BIOMD0000000192,9,13,0.0,0.0,False,0.0,0.0
BIOMD0000000698,9,7,0.0,0.0,False,0.0,0.0
BIOMD0000000197,10,7,0.0,0.0,False,0.0,0.0
BIOMD0000000844,10,9,0.0,0.0,True,0.0,0.0
BIOMD0000000016,10,7,0.0,0.0,False,0.0,0.0
BIOMD0000000647,11,11,,,False,,
BIOMD0000000395,12,23,,,False,,
BIOMD0000001042,12,6,,,True,,
BIOMD0000000908,13,7,,,True,,
BIOMD0000000761,14,6,,,True,,
BIOMD0000000896,15,9,,,False,,
BIOMD0000000355,17,9,,,False,,
BIOMD0000000988,18,20,,,False,,
BIOMD0000000621,20,35,,,True,,
BIOMD0000001006,21,10,,,False,,
BIOMD0000000110,22,15,,,False,,
BIOMD0000000467,24,20,,,False,,
BIOMD0000000294,26,11,,,False,,
BIOMD0000000811,29,6,,,True,,
BIOMD0000000011,30,22,,,False,,
BIOMD0000001027,33,20,,,False,,
BIOMD0000000393,36,58,,,False,,
BIOMD0000000516,40,50,,,False,,
BIOMD0000000095,46,19,,,False,,
BIOMD0000000147,51,24,,,False,,
BIOMD0000000575,58,76,,,False,,
BIOMD0000000230,64,26,,,False,,
BIOMD0000000994,66,23,,,False,,
BIOMD0000000833,83,61,,,False,,
BIOMD0000000634,112,69,,,False,,
BIOMD0000000109,138,57,,,False,,
BIOMD0000000628,587,135,,,False,,
BIOMD0000000346,0,2,,,True,,
BIOMD0000000642,0,4,,,True,,
BIOMD0000000299,0,3,,,True,,
BIOMD0000000402,0,4,,,True,,
BIOMD0000000138,1,1,0.0,0.0,True,0.09825,0.09901
BIOMD0000000567,2,2,0.0,0.0,False,0.0,0.0
BIOMD0000000128,3,3,0.00078,0.00057,True,0.00025,0.00035
BIOMD0000000974,4,6,0.0,0.0,False,0.0,0.0
BIOMD0000001031,4,3,0.0,0.0,False,0.00057,0.00056
BIOMD0000000758,4,2,0.0,0.0,True,0.00026,0.00029
BIOMD0000000337,5,3,0.0,0.0,False,0.0,0.0
BIOMD0000000966,6,7,0.0,0.0,False,0.0,0.0
BIOMD0000001007,6,4,0.0,0.0,False,0.0,0.0
BIOMD0000000884,6,3,1e-05,2e-05,True,0.0,0.0
BIOMD0000000904,7,4,0.0,0.0,True,0.0,0.0
BIOMD0000000198,7,12,0.0,0.0,False,0.0,0.0
BIOMD0000000781,8,3,0.0,0.0,True,0.0,0.0
BIOMD0000000915,8,10,0.0,0.0,False,0.0,0.0
BIOMD0000000366,8,12,0.0,0.0,False,0.0,0.0
BIOMD0000000322,9,4,0.0,0.0,False,0.0,0.0
BIOMD0000000765,9,4,0.0,0.0,False,0.0,0.0
BIOMD0000000903,10,5,0.0,0.0,True,0.0,0.0
BIOMD0000000616,10,4,0.0,0.0,True,0.0,0.0
BIOMD0000000354,11,6,,,False,,
BIOMD0000000766,11,5,,,False,,
BIOMD0000000465,12,16,,,False,,
BIOMD0000000863,13,6,,,False,,
BIOMD0000000792,14,6,,,True,,
BIOMD0000000046,15,16,,,False,,
BIOMD0000000313,16,16,,,False,,
BIOMD0000000615,17,4,,,True,,
BIOMD0000000525,19,18,,,False,,
BIOMD0000000889,20,12,,,True,,
BIOMD0000000637,22,12,,,False,,
BIOMD0000000739,23,24,,,False,,
BIOMD0000000687,25,15,,,False,,
BIOMD0000000829,28,13,,,True,,
BIOMD0000000600,29,18,,,False,,
BIOMD0000000786,32,16,,,False,,
BIOMD0000000434,35,34,,,False,,
BIOMD0000000070,38,45,,,False,,
BIOMD0000000498,44,21,,,False,,
BIOMD0000000073,48,16,,,False,,
BIOMD0000000412,56,79,,,False,,
BIOMD0000000569,62,21,,,False,,
BIOMD0000000536,66,39,,,False,,
BIOMD0000000468,74,79,,,False,,
BIOMD0000000056,94,54,,,False,,
BIOMD0000000594,120,33,,,False,,
BIOMD0000000473,298,713,,,False,,
BIOMD0000000381,0,5,,,True,,
BIOMD0000000330,0,5,,,True,,
BIOMD0000000925,0,16,,,True,,
BIOMD0000000370,0,32,,,True,,
something,1,2,0.0,0.0,False,0.50908,0.50834
BIOMD0000000225,3,5,0.0,0.0,False,0.0,0.0
BIOMD0000000601,3,5,0.0,0.0,False,0.0,0.0
BIOMD0000000425,4,1,0.0,0.0,True,0.0011,0.00117
BIOMD0000000850,4,3,0.0,0.0,False,0.00058,0.00056
BIOMD0000000980,4,5,3e-05,1e-05,False,0.0,0.0
BIOMD0000000121,5,6,0.0,0.0,False,0.0,0.0
BIOMD0000000838,6,3,3e-05,2e-05,True,0.0,0.0
BIOMD0000000321,6,3,0.0,0.0,False,2e-05,2e-05
BIOMD0000000894,6,3,2e-05,0.0,True,1e-05,0.0
BIOMD0000000520,7,3,0.0,0.0,False,0.0,0.0
BIOMD0000000004,7,5,0.0,0.0,False,0.0,0.0
BIOMD0000000380,8,16,0.0,0.0,False,0.0,0.0
BIOMD0000000892,8,4,0.0,0.0,True,0.0,0.0
BIOMD0000000986,8,8,0.0,0.0,False,0.0,0.0
BIOMD0000000518,9,4,0.0,0.0,False,0.0,0.0
BIOMD0000000413,9,5,0.0,0.0,False,0.0,0.0
BIOMD0000000120,10,5,0.0,0.0,False,0.0,0.0
BIOMD0000000010,10,8,0.0,0.0,False,0.0,0.0
BIOMD0000000327,11,8,,,False,,
BIOMD0000001054,11,7,,,False,,
BIOMD0000000289,12,5,,,False,,
BIOMD0000000524,13,18,,,False,,
BIOMD0000000744,14,5,,,True,,
BIOMD0000001017,15,13,,,False,,
BIOMD0000000710,16,7,,,False,,
BIOMD0000000170,17,7,,,False,,
BIOMD0000000111,19,10,,,True,,
BIOMD0000000336,20,18,,,False,,
BIOMD0000000427,22,21,,,False,,
BIOMD0000000428,23,31,,,False,,
BIOMD0000001018,25,22,,,False,,
BIOMD0000000430,28,27,,,False,,
BIOMD0000000164,29,26,,,False,,
BIOMD0000000022,32,13,,,False,,
BIOMD0000000633,35,50,,,False,,
BIOMD0000000273,38,19,,,False,,
BIOMD0000000140,45,24,,,False,,
BIOMD0000000701,48,36,,,False,,
BIOMD0000000598,56,28,,,False,,
BIOMD0000000656,62,54,,,False,,
BIOMD0000001003,66,23,,,False,,
BIOMD0000000450,74,53,,,False,,
BIOMD0000000105,94,39,,,False,,
BIOMD0000000019,125,100,,,False,,
BIOMD0000000014,300,86,,,False,,
BIOMD0000000234,0,1,,,True,,
BIOMD0000000533,0,11,,,True,,
BIOMD0000000659,0,7,,,True,,
BIOMD0000000373,0,7,,,True,,
BIOMD0000000104,2,6,0.0,0.0,False,0.0,0.0
BIOMD0000000282,3,6,0.0,0.0,False,5e-06,1e-05
BIOMD0000000027,4,5,0.0,0.0,False,0.0,0.0
BIOMD0000000292,4,6,0.0,0.0,False,0.0,0.0
BIOMD0000000774,4,2,0.0,0.0,False,0.00108,0.001
BIOMD0000000036,5,3,0.0,0.0,False,0.00012,0.0001
BIOMD0000000077,5,8,0.0,0.0,False,0.0,0.0
BIOMD0000001048,6,3,0.0,0.0,False,0.0,0.0
BIOMD0000000733,6,3,1e-05,1e-05,True,0.0,0.0
BIOMD0000000944,6,3,2e-05,0.0,True,0.0,0.0
BIOMD0000000918,7,8,0.0,0.0,True,0.0,0.0
BIOMD0000000772,7,4,0.0,0.0,False,0.0,0.0
BIOMD0000000044,8,4,0.0,0.0,False,0.0,0.0
BIOMD0000000063,8,9,0.0,0.0,False,0.0,0.0
BIOMD0000000353,9,28,,,False,,
BIOMD0000001021,9,7,0.0,0.0,False,0.0,0.0
BIOMD0000000545,10,14,0.0,0.0,False,0.0,0.0
BIOMD0000000887,10,4,0.0,0.0,False,0.0,0.0
BIOMD0000000639,10,17,0.0,0.0,False,0.0,0.0
BIOMD0000000879,11,3,,,True,,
BIOMD0000000828,12,6,,,True,,
BIOMD0000000768,13,5,,,True,,
BIOMD0000000921,13,5,,,True,,
BIOMD0000001052,14,3,,,True,,
BIOMD0000000563,15,10,,,False,,
BIOMD0000000318,17,7,,,False,,
BIOMD0000000181,18,6,,,True,,
BIOMD0000000030,20,18,,,False,,
BIOMD0000000090,21,26,,,False,,
BIOMD0000000703,22,11,,,True,,
BIOMD0000000061,24,25,,,False,,
BIOMD0000000926,26,8,,,False,,
BIOMD0000000342,29,21,,,False,,
BIOMD0000000165,30,37,,,False,,
BIOMD0000000704,33,17,,,False,,
BIOMD0000000347,36,26,,,False,,
BIOMD0000000582,41,40,,,False,,
BIOMD0000000097,46,19,,,False,,
BIOMD0000000297,51,19,,,False,,
BIOMD0000000603,58,29,,,False,,
BIOMD0000000356,64,32,,,False,,
BIOMD0000000995,66,23,,,False,,
BIOMD0000000943,83,52,,,False,,
BIOMD0000000488,112,69,,,False,,
BIOMD0000000608,140,52,,,False,,
BIOMD0000000235,778,622,,,False,,
BIOMD0000000618,0,52,,,True,,
BIOMD0000000241,0,5,,,True,,
BIOMD0000000920,0,4,,,True,,
BIOMD0000000401,0,3,,,True,,
BIOMD0000001026,2,1,0.0,0.0,True,0.026515,0.02738
BIOMD0000000460,3,4,0.0,0.0,False,0.00264,0.00267
BIOMD0000000386,4,6,0.0,0.0,False,0.0,0.0
BIOMD0000000319,4,3,0.0,0.0,False,0.0,0.0
BIOMD0000000614,4,1,0.0,0.0,True,0.00109,0.00111
BIOMD0000000624,5,7,0.0,0.0,False,0.0,0.0
BIOMD0000000868,5,5,0.0,0.0,False,0.0,0.0
BIOMD0000000419,6,3,2e-05,2e-05,True,0.0,0.0
BIOMD0000001030,6,3,5e-05,1e-05,True,0.0,0.0
BIOMD0000000159,6,3,0.0,0.0,False,2e-05,2e-05
BIOMD0000000846,7,3,0.0,0.0,False,0.0,0.0
BIOMD0000000821,7,3,0.0,0.0,True,0.0,0.0
BIOMD0000000865,8,4,0.0,0.0,True,0.0,0.0
BIOMD0000001035,8,4,0.0,0.0,False,0.0,0.0
BIOMD0000000187,9,11,0.0,0.0,False,0.0,0.0
BIOMD0000000985,9,7,0.0,0.0,False,0.0,0.0
BIOMD0000000433,10,11,0.0,0.0,False,0.0,0.0
BIOMD0000000116,10,6,0.0,0.0,False,0.0,0.0
BIOMD0000000145,11,7,,,True,,
BIOMD0000000715,11,5,,,False,,
BIOMD0000000037,12,12,,,False,,
BIOMD0000000796,13,5,,,False,,
BIOMD0000000955,13,8,,,False,,
BIOMD0000000770,14,4,,,False,,
BIOMD0000000202,15,9,,,False,,
BIOMD0000000085,17,17,,,False,,
BIOMD0000000872,18,7,,,False,,
BIOMD0000000839,20,8,,,False,,
BIOMD0000000853,21,9,,,False,,
BIOMD0000000788,22,8,,,False,,
BIOMD0000000806,25,6,,,False,,
BIOMD0000000856,26,26,,,False,,
BIOMD0000000426,29,34,,,False,,
BIOMD0000000623,31,31,,,False,,
BIOMD0000000951,33,34,,,False,,
BIOMD0000000476,36,16,,,False,,
BIOMD0000000160,41,25,,,False,,
BIOMD0000000032,47,37,,,False,,
BIOMD0000000265,52,23,,,False,,
BIOMD0000000613,58,31,,,False,,
BIOMD0000000445,64,32,,,False,,
BIOMD0000000332,69,78,,,False,,
BIOMD0000000883,85,75,,,False,,
BIOMD0000000636,113,78,,,False,,
BIOMD0000000667,148,103,,,False,,
BIOMD0000000595,1490,218,,,False,,
BIOMD0000000554,0,51,,,True,,
BIOMD0000000681,0,4,,,True,,
BIOMD0000000266,0,8,,,True,,
BIOMD0000000589,0,13,,,True,,
BIOMD0000000119,1,1,0.0,0.0,True,0.09842000000000001,0.097935
BIOMD0000000566,2,2,0.0,0.0,False,0.0,0.0
BIOMD0000000458,3,7,0.0,0.0,False,0.0,0.0
BIOMD0000000236,4,7,0.0,0.0,False,0.0,0.0
BIOMD0000001024,4,2,0.0,0.0,True,0.00019,0.0003
BIOMD0000000558,4,2,0.0,0.0,True,0.00023,0.00029
BIOMD0000000054,5,3,0.0,0.0,False,0.0,0.0
BIOMD0000000973,6,2,0.0,0.0,True,1e-05,1e-05
BIOMD0000000912,6,3,4e-05,2e-05,True,0.0,0.0
BIOMD0000000890,6,3,2e-05,0.0,True,0.0,0.0
BIOMD0000000125,7,5,0.0,0.0,True,0.0,0.0
BIOMD0000000167,7,9,0.0,0.0,False,0.0,0.0
BIOMD0000000965,8,5,0.0,0.0,False,0.0,0.0
BIOMD0000000295,8,5,0.0,0.0,False,0.0,0.0
BIOMD0000000358,8,12,0.0,0.0,False,0.0,0.0
BIOMD0000000877,9,4,0.0,0.0,False,0.0,0.0
BIOMD0000000764,9,4,0.0,0.0,False,0.0,0.0
BIOMD0000000325,10,6,0.0,0.0,False,0.0,0.0
BIOMD0000000199,10,15,0.0,0.0,False,0.0,0.0
BIOMD0000000023,11,13,,,False,,
BIOMD0000000206,11,9,,,False,,
BIOMD0000000314,12,12,,,False,,
BIOMD0000000523,13,18,,,False,,
BIOMD0000000584,14,35,,,False,,
BIOMD0000000722,15,5,,,False,,
BIOMD0000000065,16,9,,,False,,
BIOMD0000000658,17,16,,,False,,
BIOMD0000000526,19,18,,,False,,
BIOMD0000000137,20,21,,,False,,
BIOMD0000000557,22,25,,,False,,
BIOMD0000000107,23,14,,,False,,
BIOMD0000000042,25,15,,,False,,
BIOMD0000000315,27,20,,,False,,
BIOMD0000000953,29,27,,,False,,
BIOMD0000000182,32,37,,,False,,
BIOMD0000000200,34,22,,,False,,
BIOMD0000000625,38,19,,,False,,
BIOMD0000000479,44,28,,,False,,
BIOMD0000000702,48,36,,,False,,
BIOMD0000000256,56,27,,,False,,
BIOMD0000000705,61,43,,,False,,
BIOMD0000000999,66,23,,,False,,
BIOMD0000000674,73,53,,,False,,
BIOMD0000000286,93,59,,,False,,
BIOMD0000000152,120,64,,,False,,
BIOMD0000000471,282,657,,,False,,
BIOMD0000000555,0,1,,,True,,
BIOMD0000000252,0,4,,,True,,
BIOMD0000000531,0,1,,,True,,
BIOMD0000000947,0,9,,,True,,
BIOMD0000000836,0,2,,,True,,
BIOMD0000001040,2,1,0.0,0.0,True,0.02712,0.02706
BIOMD0000000060,3,4,0.00033,0.00042,False,0.00089,0.00096
BIOMD0000000178,4,6,0.0,0.0,False,0.0,0.0
BIOMD0000000312,4,3,0.00031,0.00029,True,0.0,0.0
BIOMD0000000799,4,2,0.0,0.0,True,0.00021,0.00028
BIOMD0000000040,5,5,0.0,0.0,False,0.0,0.0
BIOMD0000000224,6,4,0.0,0.0,False,0.0,0.0
BIOMD0000000906,6,3,2e-05,5e-05,True,0.0,0.0
BIOMD0000000847,6,4,0.0,0.0,False,0.0,0.0
BIOMD0000000753,7,2,0.0,0.0,True,0.0,0.0
BIOMD0000000869,7,5,0.0,0.0,False,0.0,0.0
BIOMD0000000435,8,4,0.0,0.0,True,0.0,0.0
BIOMD0000000875,8,4,0.0,0.0,False,0.0,0.0
BIOMD0000000359,8,9,0.0,0.0,False,0.0,0.0
BIOMD0000001016,9,8,0.0,0.0,False,0.0,0.0
BIOMD0000000809,9,4,0.0,0.0,True,0.0,0.0
BIOMD0000000721,10,5,0.0,0.0,False,0.0,0.0
BIOMD0000000204,10,12,0.0,0.0,False,0.0,0.0
BIOMD0000000221,11,12,,,False,,
BIOMD0000000748,11,4,,,False,,
BIOMD0000000529,12,13,,,False,,
BIOMD0000000871,13,8,,,False,,
BIOMD0000000547,14,12,,,False,,
BIOMD0000000208,15,6,,,False,,
BIOMD0000000651,16,29,,,False,,
BIOMD0000000661,17,7,,,True,,
BIOMD0000000823,18,16,,,False,,
BIOMD0000000245,20,11,,,False,,
BIOMD0000000436,22,13,,,False,,
BIOMD0000000243,23,23,,,False,,
BIOMD0000000731,25,18,,,False,,
BIOMD0000000169,27,11,,,False,,
BIOMD0000000895,29,9,,,False,,
BIOMD0000000794,32,17,,,False,,
BIOMD0000000503,34,76,,,False,,
BIOMD0000000599,37,30,,,False,,
BIOMD0000000161,43,46,,,False,,
BIOMD0000000640,48,45,,,False,,
BIOMD0000000597,56,28,,,False,,
BIOMD0000000268,61,44,,,False,,
BIOMD0000000998,66,23,,,False,,
BIOMD0000000537,73,44,,,False,,
BIOMD0000000571,92,76,,,False,,
BIOMD0000000544,119,108,,,False,,
BIOMD0000000472,282,657,,,False,,
BIOMD0000000368,0,8,,,True,,
BIOMD0000000527,0,1,,,True,,
BIOMD0000000277,0,3,,,True,,
BIOMD0000000367,0,3,,,True,,
BIOMD0000001025,2,4,0.0,0.0,True,0.0,0.0
BIOMD0000000068,3,9,0.0,0.0,False,0.0,0.0
BIOMD0000000231,4,6,0.0,0.0,False,0.0,0.0
BIOMD0000001013,4,2,0.0,0.0,True,0.00027,0.00023
BIOMD0000000760,4,2,0.0,0.0,True,0.00021,0.00019
BIOMD0000000546,5,3,0.0,0.0,False,7e-05,7e-05
BIOMD0000000115,5,2,0.0,0.0,False,0.0008,0.00086
BIOMD0000000948,6,6,0.0,0.0,False,0.0,0.0
BIOMD0000000323,6,3,0.0,0.0,False,0.0,0.0
BIOMD0000000207,6,6,0.0,0.0,True,0.0,0.0
BIOMD0000000113,7,4,0.0,0.0,False,0.0,0.0
BIOMD0000000438,7,10,0.0,0.0,False,0.0,0.0
BIOMD0000000483,8,8,0.0,0.0,False,0.0,0.0
BIOMD0000000329,8,3,0.0,0.0,True,0.0,0.0
BIOMD0000000408,9,10,0.0,0.0,False,0.0,0.0
BIOMD0000000713,9,3,0.0,0.0,False,0.0,0.0
BIOMD0000000394,10,23,,,False,,
BIOMD0000000714,10,4,0.0,0.0,True,0.0,0.0
BIOMD0000000423,11,9,,,False,,
BIOMD0000000058,11,4,,,False,,
BIOMD0000000209,12,20,,,False,,
BIOMD0000000972,13,8,,,False,,
BIOMD0000000411,13,10,,,False,,
BIOMD0000000189,14,18,,,False,,
BIOMD0000000808,15,6,,,True,,
BIOMD0000000495,17,11,,,False,,
BIOMD0000001004,18,10,,,False,,
BIOMD0000001058,20,10,,,True,,
BIOMD0000000848,21,9,,,False,,
BIOMD0000000738,22,12,,,False,,
BIOMD0000000214,24,16,,,False,,
BIOMD0000000711,26,11,,,False,,
BIOMD0000000397,29,50,,,False,,
BIOMD0000001055,30,19,,,False,,
BIOMD0000000365,33,30,,,False,,
BIOMD0000000861,36,26,,,False,,
BIOMD0000000246,41,29,,,False,,
BIOMD0000000096,46,19,,,False,,
BIOMD0000000406,51,49,,,False,,
BIOMD0000000607,58,29,,,False,,
BIOMD0000000627,64,65,,,False,,
BIOMD0000000568,69,39,,,False,,
BIOMD0000000542,84,45,,,False,,
BIOMD0000000635,113,80,,,False,,
BIOMD0000000457,141,166,,,False,,
BIOMD0000000255,827,504,,,False,,
BIOMD0000000341,0,3,,,True,,
BIOMD0000000669,0,7,,,True,,
BIOMD0000000499,0,26,,,True,,
BIOMD0000000950,0,7,,,True,,
BIOMD0000000484,2,2,0.0,0.0,False,0.037965,0.037955
BIOMD0000000657,3,3,0.0006,0.00074,True,0.00026,0.000285
BIOMD0000000824,3,2,0.0,0.0,True,0.0,0.0
BIOMD0000000253,4,6,0.0,0.0,False,0.0,0.0
BIOMD0000000897,4,2,0.0,0.0,True,0.00028,0.00028
BIOMD0000000814,5,3,0.0,0.0,False,0.00014,0.0001
BIOMD0000000728,5,2,0.0,0.0,True,7e-05,6e-05
BIOMD0000000193,6,8,0.0,0.0,False,0.0,0.0
BIOMD0000000732,6,5,0.0,1e-05,False,0.0,0.0
BIOMD0000000117,6,2,0.0,0.0,False,0.00013,0.00014
BIOMD0000000069,7,10,0.0,0.0,False,0.0,0.0
BIOMD0000000388,7,8,0.0,0.0,False,0.0,0.0
BIOMD0000000284,8,9,0.0,0.0,False,0.0,0.0
BIOMD0000000271,8,6,0.0,0.0,False,0.0,0.0
BIOMD0000000812,9,6,0.0,0.0,False,0.0,0.0
BIOMD0000000517,9,4,0.0,0.0,False,0.0,0.0
BIOMD0000000805,10,4,0.0,0.0,False,0.0,0.0
BIOMD0000000716,10,4,0.0,0.0,False,0.0,0.0
BIOMD0000000983,10,7,0.0,0.0,False,0.0,0.0
BIOMD0000000862,11,9,,,False,,
BIOMD0000000232,12,14,,,False,,
BIOMD0000000398,12,27,,,False,,
BIOMD0000000101,13,6,,,False,,
BIOMD0000000071,14,27,,,False,,
BIOMD0000000843,15,10,,,False,,
BIOMD0000000622,17,11,,,False,,
BIOMD0000000002,17,13,,,False,,
BIOMD0000000620,20,35,,,True,,
BIOMD0000001059,21,10,,,False,,
BIOMD0000000444,22,18,,,False,,
BIOMD0000000646,24,18,,,False,,
BIOMD0000000033,26,32,,,False,,
BIOMD0000000102,28,13,,,False,,
BIOMD0000000688,30,16,,,False,,
BIOMD0000000631,33,12,,,True,,
BIOMD0000000660,35,20,,,False,,
BIOMD0000000961,40,49,,,False,,
BIOMD0000000162,45,32,,,False,,
BIOMD0000000700,49,30,,,False,,
BIOMD0000000074,57,19,,,False,,
BIOMD0000000655,63,54,,,False,,
BIOMD0000001001,66,23,,,False,,
BIOMD0000001005,79,41,,,False,,
BIOMD0000000244,109,47,,,False,,
BIOMD0000000504,132,75,,,False,,
BIOMD0000000470,399,786,,,False,,
BIOMD0000000378,0,6,,,True,,
BIOMD0000000521,0,4,,,True,,
BIOMD0000000693,0,27,,,True,,
BIOMD0000001008,0,5,,,True,,
BIOMD0000000348,0,7,,,True,,
BIOMD0000000629,2,5,0.0,0.0,False,0.02144,0.02089
BIOMD0000000933,3,3,0.00066,0.00073,True,0.00025,0.00031
BIOMD0000000233,4,4,0.0,0.0,False,0.0,0.0
BIOMD0000000916,4,5,0.0,0.0,False,0.00047,0.00045
BIOMD0000000979,4,5,2e-05,1e-05,False,0.0,0.0
BIOMD0000001011,5,3,0.0,0.0,True,4e-05,2e-05
BIOMD0000000767,5,3,0.0,0.0,True,0.0,0.0
BIOMD0000000079,6,3,0.0,1e-05,True,1e-05,0.0
BIOMD0000000893,6,3,3e-05,1e-05,True,0.0,0.0
BIOMD0000000771,6,3,0.0,0.0,False,1e-05,0.0
BIOMD0000000072,7,7,0.0,0.0,False,0.0,0.0
BIOMD0000001043,7,4,0.0,0.0,False,0.0,0.0
BIOMD0000000899,8,12,0.0,0.0,False,0.0,0.0
BIOMD0000000909,8,4,0.0,0.0,True,0.0,0.0
BIOMD0000000870,9,7,0.0,0.0,False,0.0,0.0
BIOMD0000000166,9,3,0.0,0.0,False,0.0,0.0
BIOMD0000000441,10,11,0.0,0.0,False,0.0,0.0
BIOMD0000000464,10,14,0.0,0.0,False,0.0,0.0
BIOMD0000000222,11,12,,,False,,
BIOMD0000000840,11,5,,,False,,
BIOMD0000000913,12,6,,,True,,
BIOMD0000000801,13,4,,,False,,
BIOMD0000000743,14,4,,,True,,
BIOMD0000000229,14,7,,,True,,
BIOMD0000000035,16,10,,,False,,
BIOMD0000000108,17,9,,,False,,
BIOMD0000000059,18,6,,,True,,
BIOMD0000000180,20,8,,,True,,
BIOMD0000000013,21,27,,,False,,
BIOMD0000000586,23,10,,,False,,
BIOMD0000000247,25,31,,,False,,
BIOMD0000000832,26,20,,,False,,
BIOMD0000000259,29,17,,,False,,
BIOMD0000000867,31,10,,,False,,
BIOMD0000000201,33,26,,,False,,
BIOMD0000000510,36,47,,,False,,
BIOMD0000000103,42,17,,,False,,
BIOMD0000000735,47,23,,,False,,
BIOMD0000000451,53,94,,,False,,
BIOMD0000000489,59,53,,,False,,
BIOMD0000000565,64,26,,,False,,
BIOMD0000000494,71,80,,,False,,
BIOMD0000000492,88,52,,,False,,
BIOMD0000000340,116,54,,,False,,
BIOMD0000000588,157,76,,,False,,
BIOMD0000000740,0,43,,,True,,
BIOMD0000000509,0,16,,,True,,
BIOMD0000000650,0,3,,,True,,
BIOMD0000000371,0,3,,,True,,
BIOMD0000000374,0,5,,,True,,
BIOMD0000000417,2,1,0.0,0.0,True,0.027355,0.027209999999999998
BIOMD0000000922,3,3,0.00073,0.00062,True,0.00027,0.00026
BIOMD0000000031,4,6,0.0,0.0,False,0.0,0.0
BIOMD0000000485,4,2,0.0,0.0,False,0.00175,0.0018
BIOMD0000000617,4,1,0.0,0.0,True,0.00096,0.00101
BIOMD0000000910,5,3,0.0,0.0,True,5e-05,4e-05
BIOMD0000001056,5,3,0.0,0.0,False,8e-05,8e-05
BIOMD0000000911,6,3,2e-05,0.0,True,0.0,0.0
BIOMD0000000891,6,3,0.0,1e-05,True,0.0,0.0
BIOMD0000000755,7,9,0.0,0.0,False,0.0,0.0
BIOMD0000001032,7,4,0.0,0.0,False,0.0,0.0
BIOMD0000000813,8,3,0.0,0.0,True,0.0,0.0
BIOMD0000000679,8,4,0.0,0.0,True,0.0,0.0
BIOMD0000001020,8,3,0.0,0.0,False,0.0,0.0
BIOMD0000000251,9,10,0.0,0.0,True,0.0,0.0
BIOMD0000000005,9,9,0.0,0.0,False,0.0,0.0
BIOMD0000000905,10,5,0.0,0.0,True,0.0,0.0
BIOMD0000000100,10,5,0.0,0.0,False,0.0,0.0
BIOMD0000000746,11,4,,,True,,
BIOMD0000000539,11,6,,,False,,
BIOMD0000000053,12,6,,,False,,
BIOMD0000000008,13,5,,,False,,
BIOMD0000000964,14,6,,,False,,
BIOMD0000000807,15,3,,,False,,
BIOMD0000000816,16,8,,,False,,
BIOMD0000000530,17,10,,,False,,
BIOMD0000000212,18,31,,,False,,
BIOMD0000000590,20,9,,,False,,
BIOMD0000000439,21,20,,,False,,
BIOMD0000000091,23,16,,,False,,
BIOMD0000000859,25,13,,,False,,
BIOMD0000000171,26,12,,,False,,
BIOMD0000000328,29,18,,,False,,
BIOMD0000000335,31,34,,,False,,
BIOMD0000000146,34,36,,,False,,
BIOMD0000000954,36,25,,,True,,
BIOMD0000000602,42,56,,,False,,
BIOMD0000000975,48,19,,,False,,
BIOMD0000000144,54,18,,,False,,
BIOMD0000000506,59,54,,,False,,
BIOMD0000000989,65,23,,,False,,
BIOMD0000000151,72,68,,,False,,
BIOMD0000000407,88,47,,,False,,
BIOMD0000000453,117,109,,,False,,
BIOMD0000000579,175,240,,,False,,
BIOMD0000000382,0,6,,,True,,
BIOMD0000000641,0,12,,,True,,
BIOMD0000000274,0,3,,,True,,
BIOMD0000000549,0,2,,,True,,
BIOMD0000000283,2,4,0.0,0.0,False,0.007035,0.007315
BIOMD0000000092,3,4,0.0,0.0,False,0.0,0.0
BIOMD0000000957,3,4,0.0,0.0,False,0.00279,0.00275
BIOMD0000001010,4,3,0.00032,0.0002,True,0.0,0.0
BIOMD0000000935,4,2,0.0,0.0,True,0.00026,0.00021
BIOMD0000000976,5,4,0.0,0.0,False,6e-05,8e-05
BIOMD0000000248,5,9,0.0,0.0,False,0.0,0.0
BIOMD0000000626,6,6,0.0,0.0,True,0.0,0.0
BIOMD0000000082,6,10,0.0,0.0,False,0.0,0.0
BIOMD0000000712,6,4,0.0,1e-05,True,0.0,0.0
BIOMD0000000519,7,3,0.0,0.0,False,0.0,0.0
BIOMD0000000029,7,6,0.0,0.0,False,0.0,0.0
BIOMD0000000045,8,4,0.0,0.0,False,0.0,0.0
BIOMD0000000462,8,6,0.0,0.0,False,0.0,0.0
BIOMD0000000186,9,11,0.0,0.0,False,0.0,0.0
BIOMD0000000275,9,5,0.0,0.0,True,0.0,0.0
BIOMD0000000168,10,7,0.0,0.0,False,0.0,0.0
BIOMD0000000717,10,4,0.0,0.0,False,0.0,0.0
BIOMD0000000174,10,4,0.0,0.0,False,0.0,0.0
BIOMD0000000257,11,11,,,False,,
BIOMD0000000352,12,6,,,False,,
BIOMD0000000941,12,8,,,True,,
BIOMD0000000288,13,19,,,True,,
BIOMD0000000099,14,7,,,True,,
BIOMD0000000301,15,8,,,True,,
BIOMD0000000949,17,7,,,False,,
BIOMD0000000757,18,10,,,False,,
BIOMD0000000185,20,8,,,True,,
BIOMD0000000391,21,22,,,False,,
BIOMD0000000281,22,32,,,False,,
BIOMD0000000929,24,5,,,True,,
BIOMD0000000580,26,39,,,False,,
BIOMD0000000466,28,34,,,False,,
BIOMD0000000819,30,11,,,False,,
BIOMD0000001039,33,20,,,False,,
BIOMD0000000404,35,29,,,False,,
BIOMD0000000515,40,51,,,False,,
BIOMD0000000093,46,34,,,False,,
BIOMD0000000463,50,39,,,False,,
BIOMD0000000424,58,55,,,False,,
BIOMD0000000652,63,54,,,False,,
BIOMD0000000996,66,23,,,False,,
BIOMD0000000344,80,54,,,False,,
BIOMD0000000088,110,105,,,False,,
BIOMD0000000559,136,90,,,False,,
BIOMD0000000574,576,195,,,False,,
BIOMD0000000369,0,7,,,True,,
BIOMD0000000331,0,7,,,True,,
BIOMD0000000670,0,3,,,True,,
BIOMD0000000945,0,5,,,True,,
BIOMD0000000124,2,2,0.0,0.0,True,0.005315,0.005485
BIOMD0000000962,3,5,0.0,0.0,False,0.0,0.0
BIOMD0000000978,3,4,0.0,0.0,False,0.00548,0.00539
BIOMD0000000383,4,6,0.0,0.0,False,0.0,0.0
BIOMD0000000507,4,3,0.00019,0.0003,True,0.0,0.0
BIOMD0000000785,5,2,0.0,0.0,False,0.00014,0.00016
BIOMD0000000932,5,4,0.0,0.0,False,7e-05,6e-05
BIOMD0000000742,6,2,0.0,0.0,True,1e-05,1e-05
BIOMD0000000487,6,6,0.0,0.0,False,0.0,0.0
BIOMD0000001023,6,3,0.0,2e-05,True,0.0,0.0
BIOMD0000001014,7,5,0.0,0.0,True,0.0,0.0
BIOMD0000000820,7,7,0.0,0.0,True,0.0,0.0
BIOMD0000000803,8,9,0.0,0.0,False,0.0,0.0
BIOMD0000000885,8,4,0.0,0.0,True,0.0,0.0
BIOMD0000000967,9,4,0.0,0.0,False,0.0,0.0
BIOMD0000000663,9,3,0.0,0.0,False,0.0,0.0
BIOMD0000000609,10,5,0.0,0.0,False,0.0,0.0
BIOMD0000000689,10,17,0.0,0.0,False,0.0,0.0
BIOMD0000000203,10,12,0.0,0.0,False,0.0,0.0
BIOMD0000000709,11,5,,,False,,
BIOMD0000000780,12,4,,,True,,
BIOMD0000000213,12,14,,,False,,
BIOMD0000000665,13,8,,,False,,
BIOMD0000000930,14,4,,,True,,
BIOMD0000000664,15,8,,,False,,
BIOMD0000000179,17,7,,,True,,
BIOMD0000000837,17,8,,,True,,
BIOMD0000000759,19,6,,,False,,
BIOMD0000000188,20,20,,,False,,
BIOMD0000000269,22,18,,,False,,
BIOMD0000000086,24,17,,,False,,
BIOMD0000000007,25,22,,,False,,
BIOMD0000000724,28,39,,,False,,
BIOMD0000000697,30,16,,,False,,
BIOMD0000000969,32,28,,,False,,
BIOMD0000000514,35,46,,,False,,
BIOMD0000000437,40,61,,,False,,
BIOMD0000000239,45,59,,,False,,
BIOMD0000000477,49,43,,,False,,
BIOMD0000000501,57,35,,,False,,
BIOMD0000000654,63,54,,,False,,
BIOMD0000001000,66,23,,,False,,
BIOMD0000000250,78,49,,,False,,
BIOMD0000000223,109,86,,,False,,
BIOMD0000000706,127,57,,,False,,
BIOMD0000000469,399,786,,,False,,
BIOMD0000000345,0,13,,,True,,
BIOMD0000000508,0,16,,,True,,
BIOMD0000000901,0,3,,,True,,
BIOMD0000000946,0,7,,,True,,
BIOMD0000000349,0,7,,,True,,
BIOMD0000000982,2,3,0.0,0.0,False,0.057705,0.057795
BIOMD0000000459,3,4,0.0,0.0,False,0.00276,0.00276
BIOMD0000000420,4,2,0.0,0.0,True,0.00024,0.00026
BIOMD0000000851,4,5,0.0,0.0,False,6e-05,7e-05
BIOMD0000000363,4,4,0.0,0.0,False,0.0002,0.00018
BIOMD0000000057,5,6,0.0,0.0,False,4e-05,1e-05
BIOMD0000001057,5,2,0.0,0.0,True,6e-05,7e-05
BIOMD0000000456,6,11,0.0,0.0,False,0.0,0.0
BIOMD0000000310,6,4,0.0,0.0,False,0.0,0.0
BIOMD0000001060,7,2,0.0,0.0,True,0.0,0.0
BIOMD0000001034,7,4,0.0,0.0,False,0.0,0.0
BIOMD0000000783,8,3,0.0,0.0,True,0.0,0.0
BIOMD0000000888,8,4,0.0,0.0,True,0.0,0.0
BIOMD0000001047,8,4,0.0,0.0,True,0.0,0.0
BIOMD0000000719,9,7,0.0,0.0,False,0.0,0.0
BIOMD0000000798,9,5,0.0,0.0,False,0.0,0.0
BIOMD0000000668,10,14,0.0,0.0,False,0.0,0.0
BIOMD0000000991,10,9,0.0,0.0,False,0.0,0.0
BIOMD0000000960,11,8,,,False,,
BIOMD0000000262,11,11,,,False,,
BIOMD0000000528,12,13,,,False,,
BIOMD0000000817,13,8,,,False,,
BIOMD0000000790,14,4,,,True,,
BIOMD0000000977,15,6,,,False,,
BIOMD0000000050,16,14,,,False,,
BIOMD0000000064,17,26,,,False,,
BIOMD0000000389,18,22,,,False,,
BIOMD0000000858,20,10,,,False,,
BIOMD0000000177,21,28,,,False,,
BIOMD0000000726,23,8,,,False,,
BIOMD0000000907,25,34,,,True,,
BIOMD0000000392,27,53,,,False,,
BIOMD0000000261,29,17,,,False,,
BIOMD0000000581,32,28,,,False,,
BIOMD0000000449,34,27,,,False,,
BIOMD0000000015,37,18,,,False,,
BIOMD0000000087,43,55,,,False,,
BIOMD0000000078,48,16,,,False,,
BIOMD0000000604,54,29,,,False,,
BIOMD0000000940,60,20,,,True,,
BIOMD0000000997,65,23,,,False,,
BIOMD0000000723,73,25,,,False,,
BIOMD0000000410,91,53,,,False,,
BIOMD0000000560,117,65,,,False,,
BIOMD0000001046,219,225,,,False,,
BIOMD0000000379,0,12,,,True,,
BIOMD0000000291,0,10,,,True,,
BIOMD0000000644,0,6,,,True,,
BIOMD0000000403,0,4,,,True,,
BIOMD0000000375,0,5,,,True,,
BIOMD0000001045,2,3,0.0,0.0,False,0.057275,0.057499999999999996
BIOMD0000001037,3,2,0.0,0.0,True,0.00204,0.00212
BIOMD0000000385,4,6,0.0,0.0,False,0.0,0.0
BIOMD0000000678,4,4,0.0,0.0,False,0.0,0.0
BIOMD0000001041,4,4,8e-05,7e-05,True,0.0,0.0
BIOMD0000000692,5,8,0.0,0.0,False,0.0,0.0
BIOMD0000000361,5,8,0.0,0.0,False,0.0,0.0
BIOMD0000001038,6,3,3e-05,0.0,True,1e-05,0.0
BIOMD0000000098,6,2,0.0,0.0,False,0.00016,0.00014
BIOMD0000000184,7,3,0.0,0.0,False,1e-05,0.0
BIOMD0000000854,7,4,0.0,0.0,False,0.0,0.0
BIOMD0000000556,8,6,0.0,0.0,False,0.0,0.0
BIOMD0000000296,8,7,0.0,0.0,False,0.0,0.0
BIOMD0000000882,8,4,0.0,0.0,False,0.0,0.0
BIOMD0000000876,9,4,0.0,0.0,False,0.0,0.0
BIOMD0000000763,9,3,0.0,0.0,True,0.0,0.0
BIOMD0000000440,10,11,0.0,0.0,False,0.0,0.0
BIOMD0000001053,10,6,0.0,0.0,False,0.0,0.0
BIOMD0000000791,11,5,,,False,,
BIOMD0000000263,11,11,,,False,,
BIOMD0000000242,12,6,,,False,,
BIOMD0000000619,13,10,,,False,,
BIOMD0000000632,14,9,,,False,,
BIOMD0000000219,15,13,,,False,,
BIOMD0000000396,16,36,,,False,,
BIOMD0000000676,17,15,,,False,,
BIOMD0000000570,18,20,,,False,,
BIOMD0000000195,20,11,,,True,,
BIOMD0000000572,21,26,,,False,,
BIOMD0000000849,23,23,,,False,,
BIOMD0000000720,25,9,,,False,,
BIOMD0000000163,26,16,,,False,,
BIOMD0000000260,29,17,,,False,,
BIOMD0000000725,31,51,,,False,,
BIOMD0000000448,34,27,,,False,,
BIOMD0000000287,37,23,,,False,,
BIOMD0000000422,43,37,,,False,,
BIOMD0000000051,48,18,,,False,,
BIOMD0000000606,54,29,,,False,,
BIOMD0000000505,59,54,,,False,,
BIOMD0000000990,65,23,,,False,,
BIOMD0000000285,72,27,,,False,,
BIOMD0000000326,91,71,,,False,,
BIOMD0000000452,117,109,,,False,,
BIOMD0000000205,205,194,,,False,,
BIOMD0000000343,0,26,,,True,,
BIOMD0000000279,0,3,,,True,,
BIOMD0000000304,0,5,,,True,,
BIOMD0000000548,0,3,,,True,,
BIOMD0000000963,2,3,0.0,0.0,False,0.058295,0.057425000000000004
BIOMD0000000751,3,2,0.0,0.0,True,0.0019950000000000002,0.001895
BIOMD0000000414,3,1,0.0,0.0,True,0.00551,0.00572
BIOMD0000000552,4,3,0.0,0.0,True,0.0,0.0
BIOMD0000000923,4,4,5e-05,0.00011,True,3e-05,1e-05
BIOMD0000000752,5,3,0.0,0.0,True,2e-05,2e-05
BIOMD0000000311,5,4,0.0,0.0,False,0.0,0.0
BIOMD0000000795,6,2,0.0,0.0,True,0.0,1e-05
BIOMD0000000493,6,3,3e-05,3e-05,True,0.0,0.0
BIOMD0000000937,6,3,0.0,0.0,True,0.0,0.0
BIOMD0000000902,7,4,0.0,0.0,False,0.0,0.0
BIOMD0000000830,7,7,0.0,0.0,False,0.0,0.0
BIOMD0000000778,8,3,0.0,0.0,True,0.0,0.0
BIOMD0000001019,8,3,0.0,0.0,False,0.0,0.0
BIOMD0000000360,8,9,0.0,0.0,False,0.0,0.0
BIOMD0000001015,9,6,0.0,0.0,False,0.0,0.0
BIOMD0000000741,10,4,0.0,0.0,True,0.0,0.0
BIOMD0000000886,10,5,0.0,0.0,True,0.0,0.0
BIOMD0000000818,10,11,0.0,0.0,False,0.0,0.0
BIOMD0000000708,11,5,,,False,,
BIOMD0000000958,12,8,,,False,,
BIOMD0000000210,12,18,,,False,,
BIOMD0000000067,13,8,,,False,,
BIOMD0000000320,14,9,,,False,,
BIOMD0000000264,15,14,,,False,,
BIOMD0000000217,16,22,,,False,,
BIOMD0000000216,17,6,,,False,,
BIOMD0000000176,19,25,,,False,,
BIOMD0000000416,20,32,,,True,,
BIOMD0000000443,22,19,,,False,,
BIOMD0000000021,24,10,,,False,,
BIOMD0000000826,25,13,,,False,,
BIOMD0000000481,28,42,,,False,,
BIOMD0000000583,30,23,,,False,,
BIOMD0000000106,32,25,,,False,,
BIOMD0000001029,35,21,,,False,,
BIOMD0000001044,39,30,,,False,,
BIOMD0000000303,45,42,,,False,,
BIOMD0000000638,48,21,,,False,,
BIOMD0000000727,57,30,,,False,,
BIOMD0000000611,62,66,,,False,,
BIOMD0000001002,66,23,,,False,,
BIOMD0000000612,76,37,,,False,,
BIOMD0000000730,108,45,,,False,,
BIOMD0000000543,127,111,,,False,,
BIOMD0000000474,367,133,,,False,,
BIOMD0000000551,0,2,,,True,,
BIOMD0000000278,0,3,,,True,,
BIOMD0000000298,0,10,,,True,,
BIOMD0000000372,0,6,,,True,,
BIOMD0000000418,2,1,0.0,0.0,True,0.02674,0.026505
BIOMD0000000194,3,5,0.0,0.0,False,1e-05,5e-06
BIOMD0000000006,3,4,0.0,0.0,False,0.0,0.0
BIOMD0000000787,4,2,0.0,0.0,True,0.00031,0.0003
BIOMD0000000258,4,3,0.0,0.0,False,0.00037,0.00053
BIOMD0000000782,5,2,0.0,0.0,True,0.0001,0.0001
BIOMD0000000307,5,5,0.0,0.0,False,0.0,0.0
BIOMD0000000390,6,11,0.0,0.0,False,0.0,0.0
BIOMD0000000308,6,6,0.0,0.0,False,0.0,0.0
BIOMD0000001036,6,3,3e-05,0.0,True,0.0,0.0
BIOMD0000000043,7,5,0.0,0.0,False,0.0,0.0
BIOMD0000000039,7,5,0.0,0.0,False,0.0,0.0
BIOMD0000000802,8,4,0.0,0.0,True,0.0,0.0
BIOMD0000000272,8,6,0.0,0.0,False,0.0,0.0
BIOMD0000000405,8,6,0.0,0.0,False,0.0,0.0
BIOMD0000000041,9,10,0.0,0.0,False,0.0,0.0
BIOMD0000000754,10,3,0.0,0.0,True,0.0,0.0
BIOMD0000000662,10,5,0.0,0.0,False,0.0,0.0
BIOMD0000000987,10,9,0.0,0.0,False,0.0,0.0
BIOMD0000000052,11,11,,,False,,
BIOMD0000000351,12,6,,,False,,
BIOMD0000000012,12,6,,,True,,
BIOMD0000001033,13,6,,,False,,
BIOMD0000000240,14,6,,,False,,
BIOMD0000000852,15,6,,,False,,
BIOMD0000000429,16,15,,,False,,
BIOMD0000000028,17,16,,,False,,
BIOMD0000000172,19,25,,,False,,
BIOMD0000000249,20,9,,,False,,
BIOMD0000000736,22,12,,,False,,
BIOMD0000000226,24,24,,,False,,
BIOMD0000000048,25,23,,,False,,
BIOMD0000000431,28,27,,,False,,
BIOMD0000000541,30,37,,,False,,
BIOMD0000000055,32,13,,,False,,
BIOMD0000001028,35,21,,,False,,
BIOMD0000000478,39,33,,,False,,
BIOMD0000000139,45,24,,,False,,
BIOMD0000000666,48,48,,,False,,
BIOMD0000000083,57,19,,,False,,
BIOMD0000000653,62,54,,,False,,
BIOMD0000000334,66,74,,,False,,
BIOMD0000000512,75,39,,,False,,
BIOMD0000000175,102,120,,,False,,
BIOMD0000000939,126,60,,,False,,
BIOMD0000000183,352,67,,,False,,
BIOMD0000000550,0,2,,,True,,
BIOMD0000000522,0,16,,,True,,
BIOMD0000000924,0,6,,,True,,
BIOMD0000000400,0,13,,,True,,
BIOMD0000000150,2,4,0.0,0.0,False,0.019485000000000002,0.019415
BIOMD0000000970,3,5,0.0,0.0,False,0.0,0.0
BIOMD0000000984,3,5,0.0,0.0,False,0.0,0.0
BIOMD0000000553,4,3,0.0,0.0,True,0.0,0.0
BIOMD0000000305,4,9,0.0,0.0,False,0.0,0.0
BIOMD0000000191,5,3,0.0,0.0,False,8e-05,6e-05
BIOMD0000000919,5,2,0.0,0.0,True,9e-05,5e-05
BIOMD0000000804,6,3,3e-05,1e-05,True,1e-05,0.0
BIOMD0000000080,6,10,0.0,0.0,False,0.0,0.0
BIOMD0000001022,6,4,0.0,0.0,False,2e-05,1e-05
BIOMD0000001012,7,4,0.0,0.0,False,0.0,0.0
BIOMD0000000762,7,2,0.0,0.0,True,1e-05,0.0
BIOMD0000000357,8,9,0.0,0.0,False,0.0,0.0
BIOMD0000000306,8,5,0.0,0.0,False,0.0,0.0
BIOMD0000000777,8,3,0.0,0.0,True,0.0,0.0
BIOMD0000000914,9,5,0.0,0.0,True,0.0,0.0
BIOMD0000000026,10,11,0.0,0.0,False,0.0,0.0
BIOMD0000000690,10,17,0.0,0.0,False,0.0,0.0
BIOMD0000000038,10,17,0.0,0.0,False,0.0,0.0
BIOMD0000000126,11,9,,,False,,
BIOMD0000000797,12,4,,,True,,
BIOMD0000000855,12,4,,,False,,
BIOMD0000000928,13,4,,,False,,
BIOMD0000000630,14,6,,,False,,
BIOMD0000000081,15,23,,,False,,
BIOMD0000000364,16,14,,,False,,
BIOMD0000000001,17,12,,,False,,
BIOMD0000000934,19,16,,,False,,
BIOMD0000000857,20,10,,,False,,
BIOMD0000000737,22,12,,,False,,
BIOMD0000000769,24,5,,,False,,
BIOMD0000000475,25,23,,,False,,
BIOMD0000000747,28,33,,,False,,
BIOMD0000000350,30,14,,,False,,
BIOMD0000000447,32,13,,,False,,
BIOMD0000000695,35,12,,,False,,
BIOMD0000000564,38,19,,,False,,
BIOMD0000000333,45,54,,,False,,
BIOMD0000000699,48,36,,,False,,
BIOMD0000000227,57,60,,,False,,
BIOMD0000000446,62,27,,,False,,
BIOMD0000000490,66,33,,,False,,
BIOMD0000000959,75,41,,,False,,
BIOMD0000000578,96,76,,,False,,
BIOMD0000000399,125,100,,,False,,
BIOMD0000000293,316,136,,,False,,
BIOMD0000000643,0,6,,,True,,
BIOMD0000000254,0,4,,,True,,
BIOMD0000000276,0,3,,,True,,
BIOMD0000000377,0,4,,,True,,
BIOMD0000000076,2,3,0.0,0.0,False,0.057115,0.058484999999999995
BIOMD0000000267,3,4,0.0,0.0,False,0.0052,0.00553
BIOMD0000000421,4,2,0.0,0.0,True,0.00024,0.0002
BIOMD0000000866,4,4,0.0,0.0,False,0.0,0.0
BIOMD0000000825,4,3,0.0,0.0,False,0.0,0.0
BIOMD0000000156,5,3,0.0,0.0,False,8e-05,9e-05
BIOMD0000000789,5,4,0.0,0.0,False,0.0,0.0
BIOMD0000000800,6,3,1e-05,2e-05,True,0.0,0.0
BIOMD0000000931,6,3,1e-05,5e-05,True,0.0,0.0
BIOMD0000000773,6,3,0.0,0.0,True,0.0,0.0
BIOMD0000000729,7,3,0.0,0.0,True,0.0,0.0
BIOMD0000000003,7,3,0.0,0.0,True,0.0,0.0
BIOMD0000000898,8,5,0.0,0.0,False,0.0,0.0
BIOMD0000001009,8,6,0.0,0.0,False,0.0,0.0
BIOMD0000000784,9,3,0.0,0.0,True,0.0,0.0
BIOMD0000000749,9,4,0.0,0.0,True,0.0,0.0
BIOMD0000000745,10,5,0.0,0.0,True,0.0,0.0
BIOMD0000000300,10,16,0.0,0.0,True,0.0,0.0
BIOMD0000000756,11,4,,,True,,
BIOMD0000000502,11,21,,,False,,
BIOMD0000000290,12,5,,,False,,
BIOMD0000000190,13,11,,,False,,
BIOMD0000000822,13,8,,,False,,
BIOMD0000000017,14,19,,,False,,
BIOMD0000000942,15,18,,,False,,
BIOMD0000000123,17,14,,,False,,
BIOMD0000000691,18,19,,,False,,
BIOMD0000000009,20,26,,,False,,
BIOMD0000000513,21,31,,,False,,
BIOMD0000000228,22,9,,,False,,
BIOMD0000000779,25,6,,,True,,
BIOMD0000000842,26,18,,,False,,
BIOMD0000000482,29,23,,,False,,
BIOMD0000000409,31,24,,,False,,
BIOMD0000000149,33,28,,,False,,
BIOMD0000000089,36,16,,,False,,
BIOMD0000000220,42,58,,,False,,
BIOMD0000000018,47,33,,,False,,
BIOMD0000000576,52,42,,,False,,
BIOMD0000000610,58,29,,,False,,
BIOMD0000000648,64,54,,,False,,
BIOMD0000000535,71,42,,,False,,
BIOMD0000000491,86,57,,,False,,
BIOMD0000000339,115,54,,,False,,
BIOMD0000000049,150,99,,,False,,
BIOMD0000000680,0,4,,,True,,
BIOMD0000000532,0,4,,,True,,
BIOMD0000000538,0,3,,,True,,
BIOMD0000000376,0,11,,,True,,
BIOMD0000000936,2,1,0.0,0.0,True,0.026775,0.02647
BIOMD0000000461,3,4,0.0,0.0,False,0.00265,0.00274
BIOMD0000000384,4,6,0.0,0.0,False,0.0,0.0
BIOMD0000000309,4,4,0.0,0.0,False,0.0,0.0
BIOMD0000000776,4,2,0.0,0.0,False,0.00098,0.00106
BIOMD0000000455,5,9,0.0,0.0,False,0.0,0.0
BIOMD0000000415,5,10,0.0,0.0,False,0.0,0.0
BIOMD0000000157,6,3,0.0,0.0,False,2e-05,0.0
BIOMD0000000878,6,3,4e-05,1e-05,True,0.0,0.0
BIOMD0000000148,6,7,0.0,0.0,True,0.0,0.0
BIOMD0000000066,7,11,0.0,0.0,False,0.0,0.0
BIOMD0000000573,7,2,0.0,0.0,False,0.0,0.0
BIOMD0000000084,8,8,0.0,0.0,False,0.0,0.0
BIOMD0000000075,8,13,0.0,0.0,False,0.0,0.0
BIOMD0000000591,9,8,0.0,0.0,False,0.0,0.0
BIOMD0000000827,9,10,0.0,0.0,False,0.0,0.0
BIOMD0000000432,10,11,0.0,0.0,False,0.0,0.0
BIOMD0000000881,10,4,0.0,0.0,True,0.0,0.0
BIOMD0000000540,11,22,,,False,,
BIOMD0000000880,11,4,,,True,,
BIOMD0000000442,12,13,,,False,,
BIOMD0000000971,13,8,,,False,,
BIOMD0000000218,14,13,,,False,,
BIOMD0000000215,14,7,,,True,,
BIOMD0000000981,15,12,,,False,,
BIOMD0000000122,17,14,,,False,,
BIOMD0000000500,18,14,,,False,,
BIOMD0000000143,20,20,,,False,,
BIOMD0000000211,21,27,,,False,,
BIOMD0000000587,23,10,,,False,,
BIOMD0000000750,25,8,,,False,,
BIOMD0000000173,26,26,,,False,,
BIOMD0000000718,29,16,,,False,,
BIOMD0000000237,31,26,,,False,,
BIOMD0000000362,33,34,,,False,,
BIOMD0000000511,36,46,,,False,,
BIOMD0000000270,42,33,,,False,,
BIOMD0000000734,47,23,,,False,,
BIOMD0000000810,53,14,,,False,,
BIOMD0000000605,58,29,,,False,,
BIOMD0000000577,64,32,,,False,,
BIOMD0000000534,71,41,,,False,,
BIOMD0000000480,88,41,,,False,,
BIOMD0000000338,115,54,,,False,,
BIOMD0000000153,152,75,,,False,,
BIOMD0000000900,6,3,1e-05,2e-05,True,0.0,1e-05
BIOMD0000000128,3,3,0.00077,0.00062,True,0.00025,0.00035
BIOMD0000000884,6,3,0.0,3e-05,True,0.0,0.0
BIOMD0000000904,7,4,0.0,1e-05,True,0.0,0.0
BIOMD0000000980,4,5,1e-05,0.0,False,0.0,0.0
BIOMD0000000838,6,3,0.0,2e-05,True,0.0,0.0
BIOMD0000000894,6,3,1e-05,1e-05,True,1e-05,0.0
BIOMD0000000733,6,3,0.0,3e-05,True,0.0,0.0
BIOMD0000000944,6,3,1e-05,2e-05,True,0.0,0.0
BIOMD0000001030,6,3,1e-05,1e-05,True,0.0,0.0
BIOMD0000000912,6,3,1e-05,2e-05,True,0.0,0.0
BIOMD0000000890,6,3,0.0,0.0,True,0.0,0.0
BIOMD0000000060,3,4,0.00037,0.00037,False,0.00089,0.00096
BIOMD0000000312,4,3,0.00028,0.0003,True,0.0,0.0
BIOMD0000000906,6,3,0.0,0.0,True,0.0,0.0
BIOMD0000000657,3,3,0.00066,0.00066,True,0.00026,0.000285
BIOMD0000000732,6,5,0.0,0.0,False,0.0,0.0
BIOMD0000000933,3,3,0.00068,0.00076,True,0.00025,0.00031
BIOMD0000000979,4,5,1e-05,1e-05,False,0.0,0.0
BIOMD0000000079,6,3,3e-05,2e-05,True,1e-05,0.0
BIOMD0000000922,3,3,0.00065,0.00069,True,0.00027,0.00026
BIOMD0000000891,6,3,2e-05,3e-05,True,0.0,0.0
BIOMD0000001010,4,3,0.0003,0.00028,True,0.0,0.0
BIOMD0000000507,4,3,0.00028,0.00035,True,0.0,0.0
BIOMD0000001023,6,3,1e-05,3e-05,True,0.0,0.0
BIOMD0000001041,4,4,0.00011,5e-05,True,0.0,0.0
BIOMD0000001038,6,3,2e-05,2e-05,True,1e-05,0.0
BIOMD0000000923,4,4,0.0001,8e-05,True,3e-05,1e-05
BIOMD0000000493,6,3,2e-05,3e-05,True,0.0,0.0
BIOMD0000000937,6,3,1e-05,2e-05,True,0.0,0.0
BIOMD0000001036,6,3,1e-05,2e-05,True,0.0,0.0
BIOMD0000000804,6,3,3e-05,2e-05,True,1e-05,0.0
BIOMD0000000800,6,3,1e-05,4e-05,True,0.0,0.0
BIOMD0000000931,6,3,2e-05,2e-05,True,0.0,0.0
BIOMD0000000878,6,3,0.0,1e-05,True,0.0,0.0
BIOMD0000000900,6,3,1e-05,1e-05,True,0.0,1e-05
BIOMD0000000128,3,3,0.00078,0.00083,True,0.00025,0.00035
BIOMD0000000884,6,3,2e-05,5e-05,True,0.0,0.0
BIOMD0000000980,4,5,1e-05,1e-05,False,0.0,0.0
BIOMD0000000838,6,3,1e-05,2e-05,True,0.0,0.0
BIOMD0000000894,6,3,2e-05,1e-05,True,1e-05,0.0
BIOMD0000000733,6,3,1e-05,0.0,True,0.0,0.0
BIOMD0000000944,6,3,2e-05,2e-05,True,0.0,0.0
BIOMD0000000419,6,3,3e-05,1e-05,True,0.0,0.0
BIOMD0000001030,6,3,3e-05,2e-05,True,0.0,0.0
BIOMD0000000912,6,3,5e-05,1e-05,True,0.0,0.0
BIOMD0000000890,6,3,3e-05,1e-05,True,0.0,0.0
BIOMD0000000060,3,4,0.00024,0.0003,False,0.00089,0.00096
BIOMD0000000312,4,3,0.00034,0.00024,True,0.0,0.0
BIOMD0000000906,6,3,0.0,2e-05,True,0.0,0.0
BIOMD0000000657,3,3,0.00083,0.00063,True,0.00026,0.000285
BIOMD0000000732,6,5,1e-05,0.0,False,0.0,0.0
BIOMD0000000657,3,3,0.00086,0.00059,True,0.00026,0.000285
BIOMD0000000933,3,3,0.00064,0.00087,True,0.00025,0.00031
BIOMD0000000979,4,5,1e-05,4e-05,False,0.0,0.0
BIOMD0000000079,6,3,3e-05,3e-05,True,1e-05,0.0
BIOMD0000000893,6,3,2e-05,0.0,True,0.0,0.0
BIOMD0000000922,3,3,0.00069,0.00086,True,0.00027,0.00026
BIOMD0000000911,6,3,3e-05,3e-05,True,0.0,0.0
BIOMD0000000891,6,3,0.0,0.0,True,0.0,0.0
BIOMD0000001010,4,3,0.00026,0.00036,True,0.0,0.0
BIOMD0000000712,6,4,2e-05,0.0,True,0.0,0.0
BIOMD0000000507,4,3,0.00031,0.00039,True,0.0,0.0
BIOMD0000001023,6,3,2e-05,1e-05,True,0.0,0.0
BIOMD0000001041,4,4,9e-05,9e-05,True,0.0,0.0
BIOMD0000001038,6,3,1e-05,2e-05,True,1e-05,0.0
BIOMD0000000923,4,4,4e-05,8e-05,True,3e-05,1e-05
BIOMD0000000493,6,3,0.0,3e-05,True,0.0,0.0
BIOMD0000000937,6,3,3e-05,3e-05,True,0.0,0.0
BIOMD0000001036,6,3,0.0,1e-05,True,0.0,0.0
BIOMD0000000804,6,3,0.0,1e-05,True,1e-05,0.0
BIOMD0000000800,6,3,3e-05,2e-05,True,0.0,0.0
BIOMD0000000931,6,3,2e-05,0.0,True,0.0,0.0
BIOMD0000000773,6,3,1e-05,0.0,True,0.0,0.0
